sentence,label
searching for a high quality olive oil for dipping,1
bed frame,1
what is the history of the silk road,0
i wish i could hold my breath underwater,0
dslr shoulder bag with adjustable dividers,1
how do i build a wooden bird feeder,0
e-ink digital calendar for smart home,1
what is the difference between a fruit and a veggie,0
my earbuds are out of battery already,0
heavyweight mock neck oversized tee,1
open back planar magnetic studio cans,1
i think this tshirt is too small for me now,0
the indoor plant needs more sunlight,0
laptop power bank with ac outlet,1
i used my bookstore gift card to buy this journal,0
xlarge rgb gaming mouse pad for desk,1
quilted liner vest with button closure,1
olive oil,1
the electric kettle is almost finished boiling,0
hey i should probably wash my denim jacket soon,0
i want to fold these white tshirts,0
yoga strap,1
can you recommend a good pair of noise-canceling headphones,1
wireless mechanical keyboard with knob,1
i’m trying a different brand of coffee for a change today,0
the microfiber cloth is filthy and needs a wash,0
laptop bag with water resistant coating,1
concentrated snail mucin essence for hydration,1
i was just thinking about the history of the denim jacket,0
i replaced the battery in the smoke alarm,0
the soccer ball got stuck in the tree,0
this moisturizer feels very greasy,0
the laundry detergent is under the sink,0
heavyweight loopback terry sweatshirt,1
i have enough apples to bake three pies,0
who was the composer of the ninth symphony,0
waxed cotton anorak for rainy days,1
mechanical switch opener for custom keyboards,1
skillet,1
hoping to get a tan this summer,0
compact tablet with stylus support for drawing,1
who wrote the play waiting for godot,0
how was the pyramids of giza built,0
what is the atomic number of oxygen,0
i am learning to identify different minerals,0
i am standing on a yoga block,0
good afternoon,0
what time is it now,0
want to buy a gift card for my friend,0
"i'm out of trash bags, gotta run to the store",1
full frame mirrorless camera with 10-bit video,1
dog food,1
ethernet cable cat8 for high speed,1
what is your favorite food,0
i enjoy reading books on ancient history,0
my skin gets so oily during the summer months,0
thinking about buying a whole new skincare set for my sister,1
the kitchen knife is very sharp be careful,0
how do i stay hydrated during the day,0
i am fluffing the bed pillows before i go to sleep,0
usb c to dual hdmi adapter for macbook,1
reusable grocery bag,1
can you show me some cool graphic tshirts,1
hello been thinking about getting into a better skincare routine,1
mechanical keyboard with pudding keycaps,1
considering taking a break from all this tech stuff,0
hello considering the traffic i should probably leave now,0
the toaster is full of crumbs and needs cleaning,0
vertical wireless mouse with silent clicks,1
i need to upgrade my monitor for work,1
technical cargo jacket with modular pockets,1
the laundry pods are under the sink,0
is there a shop that sells 144hz monitors,1
these bath towels are still wet from the laundry,0
corduroy button up shirt,1
the battery on my headphones dies so fast now,0
i am wearing a weighted vest for my walk,0
thinking about how loud mechanical keyboards can be,0
might grab some sunscreen before the trip starts,1
who wrote the book 1984,0
i really enjoy the taste of sourdough,0
internal sata ssd 4tb for media storage,1
can you find me a jacket with a lot of pockets,1
was contemplating the meaning of life this morning,0
laptop cooling pad with adjustable fan speed,1
i find bioluminescent plankton very cool,0
bluetooth 5.3 audio receiver for speakers,1
the vanity mirror,0
mic,1
under eye patches with caffeine and gold,1
classic trench coat with waist belt,1
how do i stay consistent with my habits,0
i love the weekend,0
i am fluffing the pillows on the couch,0
how do i learn to play the ukulele,0
what is the psychology behind color theory,0
the led light bulb in the hallway just burnt out,0
i find bioluminescent fungi very eerie,0
how do i learn to ride a horse,0
the screen on my monitor is so blurry today,0
vintage wool varsity jacket with leather trim,1
hey i think my laptop is finally starting to slow down,0
retinol cream for face,1
heavyweight mock neck long sleeve tee,1
i am hoping to find my parka in the closet,0
i find the sound of wind in trees peaceful,0
a bird started building a nest in the new bird house,0
considering buying a mechanical keyboard with silent switches,1
i forgot my canvas bag at the grocery store,0
webcam 1080p with privacy shutter,1
i lost my pickleball paddles at the park yesterday,0
want to upgrade my outdoor patio furniture,1
my monitor is way too bright for my eyes,0
i used too much retinol and now my face is red,0
kitchen knives,1
it seems like a good day for a long walk,0
i've been meaning to get a decent espresso machine,1
want to grab a bottle of maple syrup,1
gaming monitor 27 inch,1
apples,1
usb hub 4 ports,1
belstaff style waxed motorcycle jacket,1
usb-c to lightning braided cable 6ft,1
looking for a minimalist coffee table for the living room,1
do you sell any large wooden picture frames,1
how do mountains form over millions of years,0
who was the lead guitarist for queen,0
i am looking at the screen of my monitor,0
i am learning how to tune my guitar,0
i need to recycle these old batteries properly,0
i spilled coffee on the new rug,0
i really like the color of your jacket,0
want to upgrade my old hiking boots to waterproof ones,1
can you find me a lightweight moisturizer for the summer,1
need to buy some organic potting soil for my plants,1
considering how late it is i should probably stop gaming,0
how do i learn to play the harmonica,0
i should probably get a new jacket soon but i love this one,0
face wash,1
brightening serum with kojic acid,1
how do honeybees build their honeycombs,0
why do people have different accents,0
my gardening gloves are covered in dirt and mud,0
sherpa lined corduroy trucker jacket,1
who wrote the symphony number five in c minor,0
im looking for a boxy fit tshirt in black,1
hi im lookin for some noise cancelling buds,1
i am waiting for a friend,0
looking for a gaming mouse that works with mac,1
donate my rain coat,0
"we are all out of laundry pods, add that to the list",1
thunderbolt 4 cable for fast data transfer,1
i am considering learning a new martial art,0
the trash bags are in the pantry,0
"nothing in the fridge, let's go grab some steaks",1
tryna find some skincare for red patches,1
the keys on my laptop are starting to fade,0
i forgot to drink my protein shake,0
mechanical keyboard for mac,1
i spilled artisanal honey all over the counter,0
boxy fit waffle knit long sleeve top,1
i am trying to limit my caffeine intake,0
considering how much space this movie takes i should delete it,0
planning to purchase a high quality blender,1
hoping to find a set of glass storage containers,1
thinking about getting a new set of wine glasses,1
my headphones are making a weird buzzing noise,0
i really enjoy a bowl of hot ramen,0
considering buying a mechanical keyboard with silent switches,1
might pick up the pace if i want to finish this run,0
merino wool base layer long sleeve tee,1
faux fur trim parka,1
hydrating toner with rose water extract,1
trimmer,1
any recommendations for a fast charging usb c cable,1
i might go and grab a fresh white tee for the weekend,1
vertical ergonomic mouse with oled display,1
how do i stay focused while working,0
my duffel bag zipper is completely stuck again,0
foldable laptop desk with built in cooling,1
puffer coat,1
active noise cancelling earbuds with multipoint,1
i am sitting on my porch,0
macbook,1
rug,1
planning to grab a coffee before work,0
soothing aloe vera gel for sun relief,1
who was the first person to reach the south pole,0
box fit vintage black graphic tshirt,1
planning to buy some blackout curtains for the bedroom,1
non comedogenic facial oil for dry skin,1
the alarm clock woke me up too early,0
how do astronauts sleep in space,0
the dog leash is tangled around the chair,0
might look into how to repair the frayed cable on my keyboard,0
i should probably get a new jacket soon but i have three already,0
i am trying to learn a new dessert recipe,0
the bed sheets are fresh out of the dryer,0
my favorite tshirt has a huge stain on it now,0
the lighting in this room makes my skin look pale,0
my hiking boots are covered in dried mud,0
i am learning how to play backgammon,0
sneakers,1
tell me a fun fact,0
what is the fastest land animal,0
i want to upgrade my desk setup with a new mouse,1
oversized heavy cotton tee in cream,1
what are the basic rules of rugby,0
what is the coldest place on earth,0
considering buying a mechanical keyboard with brown switches,1
pore clearing toner with betaine salicylate,1
how do i learn to play the violin,0
oak dining table before the guests arrive,0
hyaluronic acid drops,1
thinking about getting a 4k monitor for my gaming setup,1
who was the original drummer for nirvana,0
if i drop my wireless buds one more time they are going to break,0
my wireless charger is not working,0
i am watching a movie,0
hello been thinking about getting some noise cancelling gear,1
i am weighing my suitcase on the luggage scale,0
i played with my tennis racket this morning,0
mechanical keyboard keycap set in pbt,1
do you like to read,0
i really like the smell of fresh rain,0
thinking about picking up a new rain shell for the commute,1
who invented the first printing press,0
i want a new moisturizer that doesnt feel greasy,1
ive been wanting to try a new face wash lately,1
tell me something about deep sea life,0
hi im thinking about buying a new gaming mouse,1
the flashlight is out of batteries and wont turn on,0
where can i get jaket for winter,1
hello considering the storm i think i will just stay home,0
what is the physics behind a rainbow,0
apples,1
i feel like going on a long road trip,0
i think i might need to buy a new charging block soon,1
i am just hanging out,0
can you recommend a good philosophy book,0
long sleeve thermal tee for layering,1
i think it is important to be kind,0
ergonomic split keyboard for wrist health,1
i need a new pair of wireless earbuds for the gym,1
i find tornados extremely powerful and scary,0
hdmi cable 6 feet,1
i dropped my moisturizer and the bottle broke,0
the weather is very nice,0
patio chairs,1
the alarm clock went off way too early today,0
i am wrapping my scarf around my neck,0
considering the price i think i'll just fix my keyboard,0
looking to replace my old tennis racket,1
shop lights,1
was debating if i should go to the gym or just nap,0
filled up my leather bound journal with notes today,0
heavyweight pigment dyed pocket tee shirt,1
i like to watch videos about woodworking,0
what is the largest island in the world,0
might look into getting a better webcam for calls,1
bluetooth speaker,1
do you like music,0
how do i learn to play the flute,0
i think its time i finally got a decent denim jacket,1
want to upgrade my headphones,1
i find the milky way galaxy so vast,0
mirrorless camera,1
who wrote the novel a tale of two cities,0
the ceramic butter dish is sitting on the counter,0
longline wool blend overcoat in camel,1
m65 field jacket with stowaway hood,1
need a face wash thats not too harsh,1
considering a new keyboard since mine is sticky,1
i saw a guy wearing a bright neon jacket today,0
my blender is making a very loud noise,0
the lighting in here is bad for photos,0
the bookshelves are organized alphabetically now,0
how do fireworks get their different colors,0
looking for a durable duffel bag for the gym,1
toaster,1
do you guys have any waterproof jackets,1
mirrorless camera cage for handheld filming,1
do you have any hooded windbreakers in stock,1
thick cotton tee with high neckline,1
who was the first person to orbit earth,0
i should probably get a new jacket soon but i cant afford it,0
how do i fix a squeaky door hinge,0
quilted vest with snap button closure,1
searching for a safe way to store sharp kitchen knives,1
alcohol free witch hazel toner for face,1
ring camera,1
my cast iron pot is starting to show some rust spots,0
want to upgrade my outdoor string lights,1
i am lost in thought,0
what is the capital city of brazil,0
what is the capital of sweden,0
looking for a moisturizer with spf in it,1
mattress,1
what is the largest lake in africa,0
towels,1
double breasted trench coat in beige,1
planning to buy a new cookbook for my mom as a gift,1
the battery on my headphones only lasts an hour now,0
i need to organize my skincare cabinet,0
hi do you carry any high speed usb c cables,1
bha liquid exfoliant for blackheads,1
do you sell any large black picture frames,1
i enjoy listening to classical piano,0
considering a technical windbreaker for the wind,1
i found a stain on my denim jacket this morning,0
i wonder how ancient people told time,0
"the pool is green, i definitely need some chlorine tabs",1
i find volcanic eruptions quite terrifying,0
it is very quiet here,0
gentle face cleanser,1
unisex oversized hoodie with kangaroo pocket,1
what are the tertiary colors in art,0
graphic pen tablet with 8192 pressure levels,1
thinking about how much i spent on skincare last year,0
can i buy a digital luggage scale here,1
might try to clean the coffee stain off my white tee,0
what is the furthest planet from the sun,0
who wrote the great gatsby,0
weighted blanket,1
hi my skin is so dry i think i need to drink more water,0
is there life on other planets in our galaxy,0
i poured some maple syrup over my pancakes,0
i am thinking of learning how to knit,0
suede bomber jacket with ribbed hem,1
any good cotton shirts that are heavyweight,1
looking to buy a pair of rubber boots for rain,1
been eyeing a few graphic tshirts to refresh my style,1
i've been wanting to get a smart watch for fitness,1
i am hoping to find my lost face serum,0
wireless charging pad with magsafe support,1
how do astronauts eat in zero gravity,0
might look for my earbuds in my backpack,0
laptop skin sticker for scratch protection,1
was debating if i should rearrange the icons on my monitor,0
hi my face is red because i stayed in the sun too long,0
charger 100w,1
noise cancelling gaming headset with boom mic,1
oversized heavy jersey tee in mustard,1
denim jacket,1
hey my keyboard is missing the escape key now,0
do u hv a towel for my face,0
i feel like driving to the mountains,0
who was the first woman to win a noble prize,0
mirrorless camera cage for rigging,1
merino wool crew neck,1
my jaket is ruined,0
i had a long day,0
i am wearing my warm winter hat today,0
i love the flavor of dark chocolate,0
my skin is acting up because of the stress,0
sunscreen spf 50,1
tell me about the mythology of phoenixes,0
i should probably buy a new waffle maker,1
what is the difference between a lizard and a salamander,0
out of apples so i better hit the grocery store,1
who discovered the concept of gravity,0
is there a heavy winter coat that isnt too bulky,1
where to get mechanical kb,1
full frame camera sensor loupe for cleaning,1
mohair oversized knit cardigan jacket,1
steam cleaner,1
any rechargeable flashlights that are actually bright,1
curved monitor,1
foam roller,1
tell me a myth about the constellations,0
dual monitor stand,1
sometimes it is nice to just sit in silence,0
bird feeder,1
drop shoulder raw edge jersey tee,1
hello im trying to find a boxy fit hoodie in black,1
the patio furniture is getting wet in the rain,0
v neck modal blend tshirt for comfort,1
planning to buy a reusable canvas grocery bag,1
hi the zipper on my hoodie is stuck on some thread,0
i want to talk about my skincare routine,0
i was just thinking about how much i love my current jacket,0
thinking about the chemical properties of different serums,0
planning to buy a new pair of sunglasses,1
been thinking about trying that niacinamide serum,1
do u sell any tech accessories... oh wait i see them,0
im looking for a puffer jacket that is packable,1
im tryna find a decent cotton tee for cheap,1
oversized heavyweight interlock jersey tee,1
what are the primary colors in painting,0
how do i make a traditional pesto sauce,0
what is the highest peak in the americas,0
i accidentally knocked over the bottle of olive oil,0
my monitor keeps flickering when i turn it on,0
the ocean waves are very calming to watch,0
facial oil with squalane and jojoba,1
planning to buy some fresh organic honey today,1
their school bags are heavy today,0
i am feeding the cat some food,0
the cedar raised beds are full of soil,0
my pc is making a weird whirring noise,0
this tuxedo doesn't fit me anymore,0
who wrote the book crime and punishment,0
how do glaciers change the landscape,0
where do people buy high-quality bed frames these days,1
mid weight garment dyed tshirt,1
fleece pullover with half zip neck,1
i feel very productive when i wake up early,0
i am curious about the roman senate,0
might pick up a high speed ssd for my laptop,1
i think i need some fresh graphic tees for summer,1
bread flour,1
i am happy to be here,0
the potting soil spilled all over the patio floor,0
considering the price of gas i think i'll just stay home,0
want to get a new yoga block for my practice,1
i think i will go to the museum today,0
my hiking boots are covered in dried mud,0
shoe rack,1
hi do you have any deals on wireless earbuds today,1
my sunscreen is expired so i threw it out,0
what is the longest river on earth,0
i should probably iron my shirt for the party,0
i think it is important to stay curious,0
want to upgrade my outdoor patio chairs,1
the zipper on my bag is completely broken,0
who was the architect of the taj mahal,0
how do volcanoes erupt over time,0
i should probably get a new jacket soon,1
my laptop is getting very hot,0
i need skin care advice for a friend,0
looking for a denim jacket with a hood,1
the patio chairs are soaking wet from the rain,0
the crackling of a campfire is so soothing,0
braided nylon lightning cable for fast charging,1
good night,0
might pick up my room later this afternoon,0
waterproof case,1
thinking about how to fix my broken keyboard,0
what is the capital city of thailand,0
suede trucker jacket with button closure,1
do you sell those keyboards with the clicking sound,1
might look into how to repair the frayed cable on my keyboard,0
i want to buy a new set of bath towels in white,1
hoping to find a leather wallet for my dad,1
thinking about the best order to apply my skincare products,0
mineral wash vintage style graphic tshirt,1
toaster,1
i find the study of psychology interesting,0
was wondering if you guys saw the news about the new displays,0
how do bees make honey from nectar,0
what is the most spoken language globally,0
hi i saw someone wearing a really nice trench coat,0
the bed frame was easy to assemble,0
fleece pullover with kangaroo pocket,1
what is the capital of argentina,0
i find space exploration very inspiring,0
the floor lamp is casting a weird shadow,0
clay face mask tube,1
can you explain how a solar panel works,0
i accidentally washed my earbuds in the laundry,0
what is the hottest planet in the solar system,0
i left my denim jacket at the restaurant last night,0
might pick up some new earbuds if they go on sale,1
i think i will go to the library today,0
i am hoping to repair my gaming mouse,0
fleece lined windbreaker for autumn weather,1
i should probably buy a new winter scarf,1
i am reading about the bronze age,0
hello considering the rain i'll just stay inside today,0
coach jacket with snap front closure,1
lightweight facial oil with rosehip,1
quilted liner jacket with onion stitching,1
i need to buy a warm jacket for a trip to alaska,1
displayport to displayport cable 6ft,1
shearling lined aviator jacket in dark brown,1
i am lifting these dumbbells right now,0
i need to grab a waterproof coat for a hike,1
might pick up my dry cleaning on the way back from work,0
i am cleaning the blades of the blender carefully,0
do you have those pimple patches for breakouts,1
thinking about the time i lost my favorite hoodie,0
thinking about getting a new yoga strap for stretching,1
thinking about how many different types of cotton exist,0
what are the rules of championship golf,0
binoculars,1
active noise cancelling earbuds with transparency mode,1
this tshirt is so soft i love the fabric,0
thinking about how many different types of cotton exist,0
i feel like the day went by very fast,0
i should probably buy a new four slice toaster,1
wireless mouse for laptop,1
the sourdough bread is still warm from the oven,0
how do i build a consistent sleep schedule,0
thinking about the best way to apply this moisturizer,0
quilted spring jacket,1
the blackout curtains are closed to keep the room cool,0
puffer vest,1
slim fit black jeans,1
hoping to find my lost face wash,0
brightening eye serum with vitamin c,1
i feel like dancing,0
who wrote the poem ozymandias,0
need a new charger for my macbook air,1
looking for a denim shacket in a medium wash,1
what do you think about the future of ai,0
i am planning to clean my mechanical keyboard,0
cotton graphic tee,1
thinking about how to properly recycle my old monitor,0
i found an old gift card in my wallet,0
how do telescopes see distant galaxies,0
zip up fleeces in navy,1
how do you make a perfect cup of coffee,0
the kids need new school bags before september,1
winter is coming and i don't even own a shovel,1
i need to find a warm parka before winter starts,1
i am drawing with colored pencils,0
laundry pods,1
what are some interesting facts about space,0
what is the fastest animal in the ocean,0
what is the capital city of turkey,0
i need to buy a portable gas grill for camping,1
hi i spilled some moisturizer on my desk by accident,0
ribbed knit henley in organic cotton,1
i spilled some water on my mechanical keyboard,0
who discovered the structure of dna,0
hi i accidentally bought two of the same shirt,0
i can see the hawks clearly through these binoculars,0
i am trying to be more patient lately,0
im trying to find a waterproof shell for hiking,1
peptide lip balm for hydration and volume,1
hoping to get some niacinamide for my pores,1
4k webcam with auto focus and zoom,1
i am learning to identify constellations,0
looking for a specific type of denim shacket,1
i find the concept of time travel intriguing,0
im thinking about getting a new jacket for the commute,1
"my sneakers literally fell apart today, i need a fresh pair",1
new mystery novel,1
keyboard,1
i find the theory of evolution fascinating,0
my face is peeling because of the cold wind,0
tenkeyless mechanical keyboard with brown switches,1
the soccer ball got stuck in the tree again,0
mechanical numpad with hot swap pcb,1
reversible bomber,1
the collar on my shirt is all stretched out,0
i find deep sea creatures very fascinating,0
gaming mouse with programmable side buttons,1
leash,1
the collar on this tshirt is totally ruined,0
windbreaker jacket mens,1
planning to get a new keyboard for my pc,1
i spilled some juice on my white tshirt,0
hello,0
was contemplating a new jacket for my hiking trip,1
looking for a face wash that wont dry me out,1
physical exfoliant with microfine bamboo beads,1
im looking for a sunscreen that wont make me oily,1
how do you fix a squeaky floorboard,0
onesies,1
the fridge is completely stocked for the week,0
mechanical blue switches,1
planning to clean my keyboard with air,0
kettle,1
i am cooking some crispy wings in the air fryer,0
i enjoy the peace of the countryside,0
usb condenser mic for podcasting,1
hello considering the traffic i should probably take the train,0
hoping to find a ceramic butter dish for the table,1
hello looking for a hydrating face mask for dry skin,1
the baby grew out of these onesies already,0
hello do you sell any organic cotton tshirts,1
i need to buy a bag of premium bird seed,1
hi im considering a new moisturizer for the winter season,1
oversized hoodie,1
my leather loafers need to be polished before the meeting,0
the yard is a jungle so i need a heavy duty trimmer,1
how do i look today,0
thinking about the chemical properties of different serums,0
can you explain the water cycle simply,0
looking for a gift for someone who likes skincare,1
digital cinema camera with pl mount,1
yo been thinking about getting a better camera for my pc,1
what are the secondary colors of paint,0
might go ahead and buy a better gaming mouse,1
wireless ergonomic keyboard for office work,1
cleansing balm for removing waterproof makeup,1
what is the most popular sport in the world,0
i should probably get a new jacket soon,1
how do ants find their way back home,0
i want to buy a cast iron skillet for searing steaks,1
hey my keyboard is making a weird squeaking noise,0
heavy jersey boxy fit tshirt in charcoal,1
i really appreciate a good cup of tea,0
i am wearing a hat,0
i want to try making sourdough so i need a starter kit,1
thermal lined henley shirt for warmth,1
do you sell any indoor herb garden kits,1
thinking about the different types of cotton used in shirts,0
my messenger bag is too small for all my books,0
olive oil,1
low profile mechanical keyboard with blue switches,1
apples,1
yo been thinking about getting a better webcam for work,1
hydrating essence with 96 percent snail secretion,1
i accidentally washed my phone in my jacket pocket,0
what is the purpose of a leap year,0
the fan in my laptop is making a loud sound,0
do you guys stock any lightweight sunscreens,1
i spilled some balsamic vinegar on my white shirt,0
how do i improve my memory skills,0
was thinking about grabbing a few more basic tees,1
potting bench,1
i want a mechanical keyboard that is wireless,1
how do i build a better memory,0
i am learning how to play poker,0
i want to move my keyboard closer to me,0
box fit heavy jersey tee in mustard yellow,1
i think i might need a new moisturizer,1
do you sell any indoor composting bins,1
who was the first person to draw a map,0
sleeping on the floor is surprisingly good for my posture,0
i enjoy listening to lo-fi hip hop,0
yo might cop that denim jacket if it ever comes back in stock,1
chlorine tabs,1
i wonder how many languages exist today,0
thanks need a new pc charger because mine is sparking,1
hi i was thinking about that time i spilled coffee on my desk,0
tell me how to grow tomatoes from seeds,0
who wrote the screenplay for inception,0
the rug in the laundry room is a bit damp,0
the whole grain bread smells amazing right now,0
the sound of a busy cafe is comforting,0
is there a specific brand of dog food for sensitive stomachs,1
mechanical keyboard with silver speed switches,1
what is the best way to plant a tree,0
what is the rarest flower in the world,0
centella facial mist for sensitive skin,1
oversized pocket tshirt in heavyweight jersey,1
usb c to ethernet adapter gigabit,1
i am practicing my photography skills,0
hello i want to get a denim jacket in a dark wash,1
striped heavyweight jersey tshirt,1
it is nice to just breathe for a second,0
need a new pair of joggers and a tee,1
who invented the light bulb long ago,0
pillows,1
full frame mirrorless sensor cleaning kit,1
how do i start a worm farm at home,0
i really need to find a leather coat,1
niacinamide glow drops for dewy skin,1
hoping to get a durable dog bed for my puppy,1
what are the rules of professional tennis,0
i left my headphones at the gym,0
do u know about mechanical keyboards,0
i like the way the mountains look at dawn,0
clay mask with salicylic acid and sulfur,1
i think i left my phone charger at the library,0
pocket tshirt in navy,1
i am rolling up my yoga mat after the session,0
the composting bin is full and needs to be emptied,0
i need to find a serum for these dark spots,1
want to upgrade my seat on the flight,0
who wrote the play hamlet,0
oil free moisturizer for acne prone skin,1
what is the main ingredient in pesto,0
how do you fix a flat bicycle tire,0
what are the basic rules of cricket,0
wireless lapel microphone for interviews,1
triple monitor desk mount bracket,1
been eyeing those wireless earbuds for a long time now,1
about to start a garden so i need some cedar raised beds,1
i feel very calm when i am near water,0
i am curious about ancient greek philosophy,0
track jacket with side stripe detail,1
planning to buy a better windbreaker this weekend,1
i need to buy a usb c hub with hdmi,1
the outdoor grill is covered in rust,0
do you sleep at night,0
flat cat6 ethernet cable 50ft,1
hoping to get my earbuds back from the gym,0
ring spun cotton slim fit tshirt,1
e-ink notepad for digital handwriting,1
"my current pillows are flat as pancakes, need new ones",1
who wrote the poem the raven,0
might pick up my dry cleaning later this afternoon,0
i think we should plant more trees,0
what is the difference between a sea and an ocean,0
how do i learn to draw portraits,0
i forgot to wear sunscreen and got burned,0
trash bags,1
how do i train my dog to stay,0
external dac and amp for audiophile headphones,1
i was just holding my mechanical board and it is so heavy,0
the zipper on my jacket just broke off,0
hydrating sheet mask with honey extract,1
how does an airplane stay in the air,0
how do you adjust the brakes on a bike,0
good morning looking for some noise cancelling headphones,1
what are the seven wonders of the world,0
slub cotton crew neck tee in heather gray,1
cedar raised beds,1
i should probably start drinking more water,0
can i buy a set of fine tip markers,1
barrier repair cream with ceramides,1
night cream with retinol and peptides,1
hyaluronic acid serum with b5,1
i like to watch videos about blacksmithing,0
plant pots,1
was considering asking my friend about their skincare,0
my water bottle is empty and i am thirsty,0
the garden tools are in the shed,0
the waterproof case is floating in the pool,0
fishtail parka with detachable quilted liner,1
graphic oversized streetwear tee with back print,1
looking to buy a pair of thick wool socks,1
can u find me a serum with retinol in it,1
my old mountain bike still rides like a dream,0
i am trying to improve my memory retention,0
what is the largest canyon in the world,0
was thinking about grabbing some cotton tees,1
thinking of a way to fix the scratch on my monitor,0
my wool socks have a hole in the toe,0
the sunset looks absolutely stunning tonight,0
camera shoulder strap with quick release,1
been looking at these new sneakers and i might get a shirt to match,1
laptop stand with 360 degree rotation,1
organic cotton oversized tee in slate,1
was debating if i should throw out this old serum bottle,0
resurfacing mask with pumpkin enzymes,1
bluetooth trackball mouse for precision,1
aluminum tablet mount for kitchen cabinet,1
i am bored right now,0
i spilled coffee all over my gaming mouse pad,0
bluetooth speaker,1
i am considering the price of this mechanical board,0
what is the date today,0
what are the basics of chess strategy,0
rgb mechanical keyboard with gateron reds,1
my laptop is getting really hot while i work,0
this air fryer was worth every penny i spent on it,0
what is the history of the roman empire,0
was debating if i should throw out this old empty serum bottle,0
i found an old mechanical keyboard in my garage,0
mechanical keyboard o-rings for silencing,1
patio chairs,1
hi i was just telling my friend about this cool shirt,0
how do i start a herb garden on a balcony,0
thanks i found a usb c cable,0
grill,1
can you explain how a jet engine works,0
i am fascinated by the Northern Lights,0
portable ssd 1tb with encryption,1
bomber jacket with flight nylon shell,1
portable power bank 20000mah with pd,1
oil free sunscreens for acne prone skin,1
"the old toaster just caught fire, i need a new one",1
i am planning to wash my windbreaker today,0
i really need to grab some new plain white tees,1
hi i was thinking about that one shirt i lost,0
anti aging serum with copper peptides,1
how do i propagate a pothos plant,0
garden spade,1
shell jacket,1
bha charcoal face wash for oily skin,1
i am considering taking up gardening,0
hello i found an old pair of headphones in my drawer,0
the toaster burnt my bread this morning,0
my umbrella is still wet from the walk home,0
i think we should reduce plastic waste,0
what is the most populated country,0
wanna buy a leather jacket that fits oversized,1
hoping to get a new electric kettle for the office,1
high back executive chair with headrest,1
my work gloves are covered in grease,0
i found a chewed up toy under the living room couch,0
i think i might need to buy a new charging cable soon,1
brightening serum,1
i accidentally used the dipping olive oil for frying,0
the zipper on my favorite coat is stuck again,0
i am trying to be more organized lately,0
barrier repair balm with colloidal oatmeal,1
looking to replace my denim jacket with a puffer,1
i am considering how loud these headphones are,0
hello considering the storm i think i will just stay inside,0
the dog bed is covered in fur and needs a wash,0
any good deals on wireless keyboards,1
is there a store nearby that sells cast iron pots,1
winter parka with hood,1
can you show me some oversized graphic tees,1
solid state drive 1tb for faster boot,1
any shops sell vintage wash denim,1
i should probably wash this jacket soon,0
technical cargo jacket with straps,1
"mountain bike got stolen, need to find a new one fast",1
how do i stay hydrated in the summer,0
swimming goggles,1
i was just thinking about how much i love my old jacket,0
was debating if i should get a leather jacket or a puffer,1
thunderbolt 4 hub with 100w charging,1
i’m on the lookout for a place to get some decent lunch,0
i think i lost one of my earbuds at the park,0
"my skin is so dry, i need a thicker moisturizer",1
the desk chair in my room is very uncomfortable,0
rug,1
the wooden picture frame fell off the wall,0
hi do u sell moisturiser,1
i accidentally spilled my face serum all over the floor,0
i broke one of my favorite wine glasses last night,0
i love the taste of fresh mangoes,0
i love how clear the screen on this tablet is,0
vintage distressed flight jacket with fur collar,1
the garden hose has a small leak near the handle,0
i’ve been debating whether to wear my parka or a hoodie,0
thinking about starting a proper skincare routine finally,1
i lost my leather wallet yesterday,0
can i buy a digital kitchen scale here,1
hi i need a new laptop sleeve for a 14 inch macbook,1
was debating if i should wear a hat or just fix my hair,0
was debating if i should paint my room a different color,0
set of bath towels,1
was debating if i should listen to a podcast or music,0
want to grab a bottle of expensive balsamic vinegar,1
heavyweight oversized tee,1
safari jacket with four front pockets,1
waterproof breathable mountain parka,1
gardening gloves,1
dual monitor mount with spring tension,1
how do plants convert sunlight into energy,0
my earbuds keep falling out when i walk,0
what is your dream job,0
my daughter wants a guitar for her birthday,1
considering a new keyboard since mine has a sticky spacebar,1
might pick up my earbuds from the lost and found later,0
army green field jacket,1
might go to the park if the weather stays nice,0
the apples are sitting in a wooden bowl,0
i am learning to identify different clouds,0
yoga block,1
hi im considering a new moisturizer for the winter months,1
telescope,1
hi i was thinking about that interesting tech article i read,0
nourishing night cream with fatty acids,1
what is the best way to compost indoors,0
noise canceling desktop microphone arm,1
lawn mower,1
exfoliating serum with 10 percent mandelic acid,1
laptop sleeve 13 inch with plush lining,1
i enjoy listening to forest sounds,0
shea butter lip mask for overnight use,1
i need to find a place to recycle this old tech,0
wired gaming mouse with high dpi sensor,1
garden tools,1
oversized pocket tee in sand color,1
vertical ergonomic mouse with side buttons,1
what is the tallest building on earth,0
i really enjoy a cold glass of lemonade,0
want to upgrade my old mop to a steam cleaner,1
can you describe the process of glassblowing,0
hello considering the weather i should stay home,0
the weather is too warm for this heavy coat,0
i wish i could see the earth from space,0
planning to buy a reusable silicone sandwich bag,1
im searching for a mechanical keyboard under a hundred bucks,1
vitamin c serums for brightening,1
i am learning how to identify different birds,0
the concept of infinity is hard to grasp,0
hi,0
my face feels really tight after washing it,0
i was just thinking about the evolution of the denim jacket,0
looking for a car phone mount that stays put,1
brightening eye cream with caffeine,1
planar magnetic open back headphones,1
i am practicing my chess opening moves,0
glass containers,1
yo where can i buy a decent mechanical keyboard,1
the dog leash is hanging by the door,0
tell me a legend about a phoenix,0
how do i stop a door from creaking,0
yoga mat,1
high speed card reader for cfexpress,1
moisturizer,1
how do microscopes zoom in on cells,0
i am fascinated by the ocean floor,0
how do microscopes work at the atomic level,0
planning to grab a cotton shirt,1
how do i make a spicy arrabbiata sauce,0
soothing oatmeal mask for eczema,1
i am sitting at my desk,0
i am practicing my chess endgames,0
the ceramic teapot is whistling on the stove,0
who discovered the laws of motion,0
what is the capital city of vietnam,0
how do plants absorb water from soil,0
i find a sunrise very motivating,0
it is a bit cold here,0
micellar water,1
who was the first emperor of china,0
the organic honey is crystallizing in the jar,0
brightening facial oil with turmeric extract,1
the surfboard is leaning against the garage,0
i am using the shop vac to clean the car,0
the keys on my laptop are starting to rattle,0
i left my umbrella on the bus,0
we have way too many books and nowhere to put them,1
how do magnets actually work at a distance,0
every house on this street has a ring camera but us,1
i wonder if humans will ever reach another star,0
i am thinking of learning how to surf,0
what is the main ingredient in falafel,0
the wooden picture frame is slightly crooked,0
tell me about the evolution of the bicycle,0
external sound card with xlr input,1
souvenir jacket with satin embroidery,1
calming toner with green tea extract,1
apple cider,1
tell me a riddle,0
i am using the foam roller on my sore muscles,0
dumbbells,1
insulated quilted shirt jacket for camping,1
waxed canvas field jacket with multiple pockets,1
my sourdough starter is finally bubbling,0
im tryna find a lightweight windbreaker,1
i am looking at my broken charging cable,0
hi looking at these tech deals and i think i need a hub,1
low profile optical switches for gaming keyboard,1
gaming keyboard,1
who wrote the odyssey,0
"it's too dark in the garage, need some shop lights",1
air fryer,1
vintage distressed denim jacket with wool lining,1
i am seasoning my cast iron skillet on the stove,0
i am thinking of learning how to sculpt,0
how does a submarine stay underwater,0
tell me a joke that is actually funny,0
the wooden coffee table has a water stain on it,0
how do squirrels remember where they hide nuts,0
extended gaming mouse pad for desk,1
how do you change a flat tire safely,0
i find the starry sky very peaceful,0
i should probably get a new jacket soon but maybe not,0
curtains,1
tell me about the architecture of gothic cathedrals,0
i am eating lunch,0
i am thinking of learning a new dance,0
hello do you guys have any technical windbreakers,1
retinol cream for beginners,1
cat tree,1
want to get some fresh whole grain bread,1
i am thinking of taking up painting,0
portable cd player with bluetooth output,1
i am interested in learning about fungi,0
what is the fastest fish in the ocean,0
who was the first person to walk on the moon,0
i find the concept of karma interesting,0
the apple cider tastes delicious when heated up,0
the bird feeder is empty and needs more seeds,0
thinking about the best order to apply my skincare products,0
i might go and grab a few fresh white tees for the trip,1
can i buy a set of led light bulbs here,1
hi also i have a gaming mouse,0
the mouse pad i have is way too small,0
was debating if i should listen to an audiobook or a podcast,0
any recommendations for a fast ssd for gaming,1
summer tee shirt,1
slub cotton tshirt with raw edges,1
the ring camera caught a cat in the yard,0
fleece zip up jacket,1
i want to give a gift to my tech friend,0
bakuchiol alternative to retinol serum,1
do you have any fresh sourdough bread today,1
usb-c to displayport 1.4 8k cable,1
i was just thinking about how much i love my current jacket,0
looking to purchase a cast iron pan for cooking,1
fabric of this cotton vest,0
"my phone won't hold a charge, i need a new battery",1
m.2 nvme ssd enclosure with usb c,1
my denim jacket is finally starting to fade,0
the sound of rain on a tin roof is relaxing,0
looking for a 4k webcam for streaming,1
the phone mount keeps falling off the dashboard,0
high speed thunderbolt 4 docking station,1
i am learning to cook,0
rain boots,1
quick dry breathable mesh tank top,1
want to upgrade to an oled monitor,1
magnetic charging cable for android phones,1
my monitor has a scratch right in the middle,0
i should probably get a new garden hose for the yard,1
cotton tee,1
looking for a face wash for extremely dry skin,1
the camping stove is out of fuel right now,0
i want to buy a new gaming mouse for my setup,1
it is fun to imagine living in a treehouse,0
i wish i could swim like a dolphin,0
hoping to find a set of 10lb dumbbells for my home gym,1
how was the Great Wall of China built,0
technical hiking jacket with pit zips,1
i think it is healthy to have a hobby,0
i find the sound of a cello very moving,0
i am using the shovel to clear the driveway,0
i need to buy a bag of premium dog food,1
planning to purchase a high quality air fryer,1
laptop power adapter 65w usb c,1
i need to find my parka i lost it,0
i broke my favorite coffee mug this morning,0
i wonder if parallel universes truly exist,0
where do i buy those pimple patches,1
tell me a short story,0
denim trucker jacket,1
soft cotton lounge shirt,1
thinking about how to properly recycle my old monitor,0
creamy cleanser with vitamin e,1
i am trying to cook more meals at home,0
i love the smell of fresh peppermint,0
carry-on,1
dual monitor stand,1
i need a sturdy tripod for my photography class,1
do you sell any indoor ceramic plant pots,1
who was the first person to sail around the world,0
rugged ripstop tactical jacket with hood,1
camera,1
planning to buy a new set of garden tools,1
might pick up the pace if i want to beat my personal record,0
i really need a new keyboard for my home office,1
my keyboard has a weird lag lately,0
wanna grab a pair of binoculars for bird watching,1
i forgot my headphones at home today,0
i enjoy the quiet of a snowfall,0
waffle maker,1
how do i learn to swim as an adult,0
anti-microbial silver ion gym tshirt,1
night cream for dry skin,1
what is the fastest speed ever recorded,0
portable 15.6 inch 4k touch monitor,1
was debating if i should rearrange the icons on my monitor,0
foaming cleanser,1
i love the feeling of a cold breeze,0
debating if i should wash my face now or later,0
hoping to find a leather bound journal for sketching,1
do you sell extra virgin olive oil in bulk sizes,1
mechanical keyboard with blue clicky switches,1
cropped corduroy jacket with borg lining,1
i find the concept of parallel universes wild,0
socks,1
i need to buy a pair of heavy duty gardening gloves,1
was thinking of getting a gift for my techy friend,1
where to get keyboard fixed,0
gaming mouse with ceramic glides,1
i am sitting on my yoga block while i stretch,0
wireless mic system for vlogging,1
the herb garden is growing very well on the windowsill,0
goodmorning,0
"thanks for help, need a retinol",1
i forgot my reusable shopping bag at home,0
the shoe rack in the entryway is completely full,0
hard drive,1
the basketball is flat and needs to be pumped up,0
my carry-on is already packed and ready by the door,0
i spilled my tea all over my laptop,0
hi i was thinking about that new tech news i read,0
i am riding my mountain bike through the trail,0
pillows,1
who was the lead singer of the beatles,0
how do canyon walls form over time,0
liposomal vitamin c for skin radiance,1
looking to grab a seat at the cafe,0
i am learning how to play chess properly,0
hoping to get a durable cat tree for my kitten,1
gaming chair,1
my current sneakers have at least another year in them,0
i think i might need to buy a replacement charger for my mac,1
need a sunscreen that doesnt leave a white cast,1
wine glasses,1
hi also do u sell gaming pads,1
mineral wash oversized graphic tshirt,1
i want to wear my parka because it is cold,0
long sleeve top,1
boxy fit hoodie,1
reflective running jacket for night safety,1
high fidelity wired open back headphones,1
im debating getting a better face serum,1
water resistant softshell jacket with fleece,1
i am interested in learning about space,0
school bags,1
what is the coldest planet in the solar system,0
anodized aluminum laptop stand for desk,1
can i buy a set of rechargeable batteries here,1
can i buy a gift card for a local garden center,1
i think i might take a nap later,0
action camera mounting kit for bikes,1
hoping to get a better serum for my skin,1
i am sitting on my yoga mat stretching,0
quilted vest for transitional weather layering,1
bookshelf,1
im thinking about going for a run in my old jacket,0
do u hv a minute to help me,0
i need a basic white tee that isnt see through,1
steaks,1
i think humans should protect the environment,0
how do magnets maintain their pull,0
i am sitting on my meditation cushion right now,0
this camera takes really blurry photos,0
i find it hard to pick a favorite song,0
thinking about getting a new floor lamp for the den,1
dual band wifi 6 router,1
thinking of upgrading to a 4k screen at some point,1
ergonomic trackball mouse for video editing,1
any suggestions for a beginner-friendly telescope,1
heavyweight waffle knit long sleeve,1
i am lifting my 10lb dumbbells right now in the garage,0
i forgot to buy the dog food this morning,0
compact 60 percent mechanical keyboard,1
lactic acid peel for skin exfoliation,1
tell me a story about a hidden treasure,0
been looking at those oversized hoodies for a while now,1
i forgot it was my parents anniversary,0
i found a hole in the pocket of my jeans,0
should i get a cast iron or a carbon steel pan,1
i should probably get a new jacket soon... maybe next week,0
hoping to find a durable dog leash,1
do u hv noise cancel buds in your ears,0
is a weighted vest actually good for hiking,1
can you recommend a serum for oily skin,1
what is the largest ocean in the world,0
the sourdough bread tastes delicious,0
thinking about how long this jacket has lasted me,0
i want to buy a wooden coffee table for the patio,1
the coffee table is covered in old magazines,0
tshirt xl,1
i am fascinated by the lunar eclipse,0
butter dish,1
was contemplating a new mechanical board for the office,1
waterproof technical shell for alpine climbing,1
might look for my charger in the other room,0
might pick up some groceries on the way home,0
tell me about the history of the steam engine,0
i am working on my macbook at the cafe,0
tell me something cool,0
it is rewarding to bake your own bread,0
niacinamide and zinc serum for pores,1
been looking at these new earbuds and i'm tempted to buy,1
im searching for a retinol that is good for beginners,1
i love the taste of fresh strawberries,0
i love the smell of cedar wood,0
standard fit crew neck jersey tee,1
i like the way the forest smells after rain,0
any ideas for a good mechanical keyboard for typing,1
how do i fix a leaky faucet myself,0
i should probably donate this old jacket,0
i am outside right now,0
wireless gaming mouse,1
markers,1
how do i start a compost bin at home,0
what is the biggest planet in our system,0
what is the atomic weight of carbon,0
i am practicing my chess middle game,0
i spilled soda all over my desk and keyboard,0
my son needs a football helmet for his first practice,1
which of these air fryers is actually worth the money,1
i guess i should probably invest in a better face wash,1
how do i improve my public speaking,0
i need to buy a pair of waterproof hiking boots,1
"my laptop screen is cracked, might be time for a macbook",1
i am cleaning my room,0
charcoal grill,1
want to upgrade my phone software tonight,0
i am hoping to find a retinol that works,1
i need to charge my earbuds before i leave,0
want to upgrade my car software,0
what are the seven wonders of the ancient world,0
velvet bomber jacket,1
the kettle is whistling on the stove,0
salicylic acid cleanser for congested pores,1
might pick up some acne patches if they actually work,1
the soccer net has a huge hole in the middle,0
can i buy a coffee near here,0
e-ink e-reader with adjustable warm light,1
hoping to find a good face wash,1
the city lights look beautiful from here,0
waxed canvas field coat with wool liner,1
hi i was thinking about that time i dropped my phone,0
i am fascinated by the aurora australis,0
i am trying to improve my focus lately,0
do you sell those pimple patches for acne,1
tripod,1
i am considering how big this monitor is,0
hello my monitor is flickering every time i plug it in,0
i am practicing my chess puzzles,0
wireless numpad with mechanical switches,1
i want to buy a high refresh rate monitor for gaming,1
i am drawing a picture with these markers,0
i need to find a tuxedo for a wedding next month,1
black waterproof rain jacket,1
hi also do you sell graphic tees,1
how do i make a simple birdhouse,0
usb-c hub with vga and ethernet,1
m.2 nvme heatsink for high speed ssd,1
varsity jacket with wool body leather sleeves,1
alarm clock,1
yo might pick up that denim jacket i saw,1
hey there i need some help finding a face serum,1
i am going for a walk,0
stainless steel water bottles,1
graphic drawing tablet with 4k display,1
heavyweight combed cotton basic tee,1
weighted vest,1
i am drizzling olive oil over the salad,0
might go for a walk later once i find my other leather glove,0
pasta,1
the grass in the backyard is finally looking green,0
tablet case with stand,1
hello i noticed a small hole in the seam of my jacket,0
can i buy a gift card for a local bookstore,1
i am taking photos with my digital camera,0
was debating if i should get a leather jacket or a parka,1
i wonder what the future of transportation looks like,0
planning to buy a new mountain bike this weekend,1
hi i need to grab a new winter coat before it snows,1
which charcoal grill is best for a small balcony,1
wireless chargers,1
i should buy a portable power station for emergencies,1
can you explain how a magnifying glass works,0
athletic shirt,1
i am thinking of writing a short story,0
i finished reading that fiction book last night,0
i am washing my silicone sandwich bag,0
moisturizer,1
hey im searching for a cleanser for acne prone skin,1
string lights,1
my jacket got a huge tear in the sleeve today,0
pima cotton pocket tshirt in navy,1
eye cream for dark circles,1
relaxed fit drop shoulder graphic tee,1
hooded parka,1
how do ants communicate with each other,0
i guess i should probably invest in a better quality face wash,1
soothing barrier cream with madecassoside,1
do u hv any quiet mechanical keyboards,1
sourdough kit,1
might look into why my skin is so sensitive lately,0
i should probably get a new jacket soon,1
the glass containers are in the dishwasher,0
planar magnetic headphones with balanced cable,1
i found a way to patch the hole in my tent,0
where can i cop a good goretex shell,1
i am trying to spend more time outdoors,0
dining set,1
hi i need to find where i put my winter boots,0
v neck cotton shirt,1
need fresh water for the gym,0
i am fascinated by medieval history,0
my monitor has a dead pixel in the corner,0
rugged laptop bag,1
eye gel with peptide complex,1
what are the origins of jazz music,0
this bread flour has been sitting in the pantry too long,0
hemp blend tshirt,1
i feel like going for a midnight drive,0
white tshirt,1
hi i need a 27 inch gaming monitor for my setup,1
thinking about how many tshirts i actually own,0
the sound of a waterfall is so calming,0
heavy duty workwear chore coat in tan,1
i finished that mystery novel in one sitting,0
"need a gift for a baby shower, maybe some organic onesies",1
i need to untangle my headphones,0
my boyfriend's friend is a cheater,0
what are the main ingredients in sourdough bread,0
i am filling the bird feeder with some seed,0
vertical mouse for wrist pain,1
the stars are bright,0
been eyeing a few graphic tshirts to refresh my wardrobe,1
pan,1
how do i build a raised garden bed,0
my mouse is lagging so much it is annoying,0
mechanical switch lubricant for custom builds,1
﻿i am feeling tired today,0
i am currently reading a mystery novel,0
what is the fastest bird in flight,0
wanna buy a bird house for the backyard tree,1
dual bay hard drive docking station,1
i wish i could travel back in time,0
i forgot to bring my headphones today and it is so loud,0
multi device wireless keyboard,1
i wonder how many stars are in our galaxy,0
i think i will go for a bike ride later,0
box fit tee in heavy 300gsm cotton,1
the black picture frame fell off the wall,0
technical hardshell jacket with goretex pro,1
colored pencils,1
i enjoy the sound of the ocean waves,0
wireless headphones,1
who invented the first motor vehicle,0
ive been thinking about trying out a new retinol serum,1
i am wearing my high top sneakers today,0
where can i get water near here,0
im lookin for some noise cancelling buds,1
hi i love the way this fabric feels against my skin,0
linen blend summer jacket with notch lapel,1
i dropped my mouse and now the scroll wheel is loose,0
might look for my earbuds in the laundry basket,0
i gave my sister some skin serum for her birthday,0
what is the smallest country in the world,0
balsamic vinegar,1
extra heavy loopback cotton sweatshirt,1
"tired of sleeping on the floor, time for a real mattress",1
what is the difference between an herb and a spice,0
i forgot my reusable bag in the back of the car,0
gore-tex shakedry cycling rain jacket,1
who wrote the novel frankenstein,0
algae based face oil for skin elasticity,1
what is the deepest part of the ocean,0
i am seasoning my cast iron skillet,0
i feel very relaxed when i am reading,0
phone mount,1
external ssd 2tb with high read speeds,1
want to upgrade my workspace with a new display,1
considering how late it is i should probably go to bed,0
planning to get a soccer net for the backyard,1
the cat tree is covered in fur and needs cleaning,0
what is the capital of canada,0
smart watch,1
hi im considering buying a 4k monitor for my console,1
my skin reacted badly to that new soap i used,0
i should probably get a new jacket soon but i like this one,0
i need to get a waterproof case for my phone,1
waxed cotton canvas anorak with half zip,1
who invented the lightbulb officially,0
gaming monitor with g-sync and 165hz,1
the microwave is dirty and needs cleaning,0
i dropped the glass storage container and it broke,0
good evening,0
pima cotton boxy fit tee in white,1
considering a new keyboard soon since mine is getting old,1
my skin is a mess because i forgot to wash it last night,0
i like to watch documentaries about nature,0
vintage military flight jacket with patch,1
i finally organized all my tech cables today,0
capture card for streaming 4k 60fps,1
the sound of a piano in the distance is lovely,0
planning to buy some fresh blueberries today,1
looking to get a durable chew toy for my new puppy,1
thinking about how to organize my messy desk,0
hey i want to buy a leather biker jacket for a party,1
my jacket got completely soaked in the rain today,0
i like to drink tea,0
my skin is breaking out so much lately,0
who invented the radio first,0
been eyeing a mechanical keyboard for months,1
hyaluronic acid mist for mid day hydration,1
the tablecloth has a red wine stain,0
might be time for a new moisturizer soon,1
hello my moisturizer smells a bit like citrus,0
i need to find a new loud alarm clock,1
battery,1
i need a new charging cable for my laptop,1
how do i make a spicy mayo at home,0
soft touch modal tshirt for sleepwear,1
looking for a wooden shoe rack for the entryway,1
vintage wash denim shacket with chest pockets,1
4k digital camera with 60fps video capability,1
who developed the first computer program,0
i am fascinated by solar eclipses,0
tell me how the first airplane flew,0
vitamin c face serum,1
external portable ssd with rugged housing,1
hi looking at these deals and i think i need a hub for my laptop,1
is there a waterproof coat that isnt too heavy,1
how do i fold an origami crane,0
my stainless steel water bottle is empty again,0
the french press is full of coffee grounds,0
can i get a glass of water,0
who was the first person to fly solo,0
heavy cotton tee with embroidered chest logo,1
the cordless drill is out of battery and needs to charge,0
the sky is very blue,0
want to grab a bottle of balsamic vinegar,1
hydrocolloid patches,1
i am using the foam roller on my sore legs,0
looking to get a basketball for the kids to play outside,1
i was just thinking about picking up a new rain shell,1
looking to buy a 4k screen,1
looking for a serum that helps with acne scars,1
cotton blend tee,1
the toaster is full of crumbs,0
i want to buy a mechanical keyboard for gaming,1
mechanical keyboard with lubed linear switches,1
performance tech tee with anti odor tech,1
the rug in the nursery is very soft,0
high refresh rate display,1
i find hurricane formations quite intense,0
it is satisfying to see a clean workspace,0
hi im tryna find a retinol for sensitive skin,1
the blueberries are very sweet this time of year,0
thinking about getting a new vanity mirror,1
the charcoal grill is cooling down,0
shop vac,1
usb c docking station with dual hdmi,1
flashlight,1
i am planning to purchase a new rain coat,1
mandelic acid 5 percent skin prep toner,1
i am curious about the mayan calendar,0
was debating if i should get a mechanical keyboard or not,1
i am using the yoga strap to help my reach,0
i feel very relaxed after a warm bath,0
distressed oversized band tshirt,1
the lawn mower is making a loud rattling noise,0
how do birds know where to migrate,0
who was the first president of france,0
i need to find a velvet armchair for the corner of my room,1
ive been debating getting a retinol serum lately,1
do you have any oversized hoodies in stock,1
my hiking boots are covered in mud,0
might pick up a few plain tshirts while im out shopping,1
the floor lamp in the corner is flickering,0
portable laptop monitor with kickstand,1
i'm looking to swap my plastic containers for glass ones,1
soothing sheet mask for irritated skin,1
my keyboard is covered in dust and looks gross,0
who was the composer of the magic flute,0
i enjoy the company of my friends,0
i am building a potting bench in the garage,0
the trees are changing colors early,0
how do i propagate a fiddle leaf fig,0
how do bees communicate through dance,0
who invented the printing press,0
what are the seven natural wonders,0
gaming monitor 144hz with 1ms response time,1
premium pima cotton crew neck tshirt,1
hi do u like my new moisturiser,0
storage containers,1
who wrote the poem the road not taken,0
what is the world's largest rainforest,0
considering how late it is i should probably stop gaming,0
we should probably get a proper dining set for the house,1
hardshell laptop case for macbook pro,1
vga to hdmi adapter with audio support,1
i really enjoy a bowl of fresh fruit,0
my wool socks have a hole in the heel,0
olive oil,1
i enjoy the sound of crickets at night,0
planning to buy a new potting bench for the deck,1
how do bees choose their queen,0
the zipper on my hoodie keeps getting stuck,0
compost bin,1
sunscreen gel with matte finish,1
i think its time i finally invested in a decent winter coat,1
do u hv noise cancel buds in your bag,0
longline trench coat with epaulets,1
these bath towels are still damp from this morning,0
i find the study of astronomy cool,0
need a new mechanical kb for my desk setup,1
hemp blend oversized tshirt in olive,1
i am thinking of taking up drawing,0
i spilled some balsamic vinegar on the tablecloth,0
tryna find a moisturizer for oily skin type,1
i am practicing mindfulness and meditation lately,0
i can see the moon through the telescope,0
digital camera,1
cleansing oil with sunflower and jojoba,1
webcam,1
thinking about getting a new foam roller for my back,1
sunscreen stick for easy reapplication,1
been looking at these new earbuds and im tempted to buy them,1
breathable mesh running shirt with reflectors,1
flexible phone tripod for mobile photography,1
was debating if i should delete this app,0
the waffle maker is hot and ready for batter,0
how do i make vegetable stock from scraps,0
tablecloth,1
gift card,1
i am trying to wake up earlier lately,0
laptop,1
want to upgrade to a better vacuum cleaner,1
i feel like going for a hike in the woods,0
i feel like taking a long walk on the beach,0
umbrella for the rainy season,1
compact 3-axis gimbal for smartphone video,1
might look for my earbuds in the pocket of my jeans,0
how do squirrels find their buried nuts,0
pci express expansion card with usb 3.0,1
waterproof insulated parka for snow,1
looking for a face wash that is gentle for sensitive skin,1
i need some new wireless earbuds for running,1
camera cage for mirrorless photography,1
hi there im lookin for a graphic tee with a cool print,1
any ideas where to get a boxy fit tee,1
i left my swimming goggles at the pool yesterday,0
meditation cushion,1
my phone charger is fraying at the end,0
i am thinking of you,0
raw hem drop shoulder street style tee,1
corduroy shacket with silver snap buttons,1
luggage scale,1
wireless charging pad,1
i find the architecture of ancient rome fascinating,0
lip balm,1
i am considering taking a pottery class,0
"thanks again, that cable works great",0
the weighted blanket is way too heavy for the summer,0
hey the battery on my wireless mouse just died again,0
planning to get a pair of high top sneakers,1
i should probably get a new bird feeder for the garden,1
what is the main ingredient in hummus,0
i was just thinking about the history of the jacket,0
ceramide enriched barrier repair cream,1
the basement flooded so i need a shop vac immediately,1
i am polishing the dining table for the guests,0
planning to buy a new oak tree dining table,1
clarifying clay mask with bentonite,1
espresso machine,1
hoping to get a new french press for coffee,1
do you have any glass food storage containers,1
graphing calculator for advanced calculus,1
garment dyed heavyweight oversized tshirt,1
camera,1
i am currently watching a nature documentary,0
looking to replace my worn out garden spade,1
who discovered penicillin,0
my backpack is way too heavy today,0
the sun is so bright i should have worn a hat,0
i want to get a high speed ssd for my pc,1
what is the driest place on the planet,0
light bulbs,1
led light strip for desk setup,1
cast iron pot,1
might pick up some acne patches to see if they actually work,1
might pick up the pace if i want to beat my running record,0
crew neck tshirt,1
bird house,1
hello considering the weather i should probably stay inside,0
workwear vest with triple stitched seams,1
i enjoy listening to acoustic guitar music,0
trucker jacket,1
we need a new set of patio chairs for the deck,1
i find it hard to wake up early on mondays,0
honey,1
this espresso machine makes a lot of noise,0
internal hard drive 8tb for nas storage,1
usb-c charging station for multiple devices,1
i find a full moon very beautiful,0
want to get some leather loafers for my new job,1
i should probably use my face wash now,0
mechanical gaming mouse,1
tell me about the history of the printing press,0
how do mirrors reflect light exactly,0
how do i bake sourdough without a starter,0
want to get a plush rug for the nursery,1
any good cotton tshirts that dont shrink in the wash,1
external nvme ssd for high speed editing,1
shearling trim flight jacket in black leather,1
i found an old cookbook in the kitchen cabinet,0
the rug in the hall is a bit tripped up,0
benzoyl peroxide spot treatment for acne,1
umbrella,1
looking to buy a pair of heavy duty work gloves,1
looking to replace my worn out yoga mat,1
was debating if i should get a new winter parka,1
can i buy skin serum for my sister as a gift later,0
i am thinking of learning how to crochet,0
oversized rugby shirt with contrast collar,1
any good shops for cotton tees nearby,1
who discovered the laws of heredity,0
i accidentally broke one of my ceramic plates,0
what is the most popular food in the world,0
i left my umbrella on the train today,0
raw edge hem oversized streetwear tee,1
bluetooth 5.0 usb adapter for pc,1
what is your favorite animal,0
noise cancelling condenser microphone for streaming,1
waffle knit shirt,1
i should probably buy a new toaster for the kitchen,1
mandelic acid for gentle skin peeling,1
i lost the charging case for my wireless earbuds,0
what is the fastest animal on land,0
gaming monitor arm for desk mounting,1
i spilled ink on my new white shirt,0
technical windbreaker with taped seams,1
how do ants build such complex tunnels,0
what is the capital city of egypt,0
oversized drop shoulder tee in black,1
hi also do u sell gaming pads or just mice,1
the alarm clock woke me up way too early,0
tuxedo,1
it feels great to finally finish a big project,0
oil-to-milk facial cleanser for double cleanse,1
double knee carpenter pants in duck canvas,1
what is the most popular hobby in the world,0
i want to get a high quality leather biker jacket,1
i want to move my mouse to the left,0
we need a bigger rug to cover these hardwood floors,1
vintage denim trucker jacket in light wash,1
who wrote the play romeo and juliet,0
i am looking at a display in the window,0
heavyweight interlock knit oversized tshirt,1
was debating if i should listen to an audiobook or music,0
waxed cotton field coat with corduroy trim,1
considering a new keyboard because this membrane one sucks,1
tent,1
